"2019-04-01 00:00:00",-38.2538468,-171.922976,-89.8807222,48.77070495495,400.59051493734,406.81862592958,1809
"2019-04-01 01:00:00",53.6719087,-142.240237,43.2361885,40.234447682551,393.06811758354,401.13598387422,1845
"2019-04-01 02:00:00",110.941271,-205.92181,10.3721781,31.093922486363,394.84085761278,403.08153215727,1857
"2019-04-01 03:00:00",173.71298,25.283851,-102.115717,31.197515397885,401.75564096491,411.17531748291,1853
"2019-04-01 04:00:00",94.5998355,7.698905,-70.1665162,52.137671233047,403.93456033835,414.02001147138,1836
"2019-04-01 05:00:00",42.5876249,-239.235015,-167.27132,51.366603808618,406.2710778205,418.46136538428,1826
"2019-04-01 06:00:00",-228.49677,125.1690374,-159.6878312,54.072955447909,421.27547953216,429.78018837416,1832
"2019-04-01 07:00:00",-194.19099,-121.627398,-316.44487,39.108845907423,408.85697190267,416.87278583754,1807
"2019-04-01 08:00:00",-225.89312,-199.6522,-141.130092,27.710633848109,423.43140874687,432.33964979405,1842
"2019-04-01 09:00:00",-112.0828187,-207.42832,-162.595072,36.712244232354,417.37272062239,426.82856448355,1807
"2019-04-01 10:00:00",99.326033,-174.42061,-20.2459687,61.832038282094,414.8765764411,426.77862152904,1848
"2019-04-01 11:00:00",128.1239707,-146.835272,24.3826049,43.042910239159,406.62803126149,416.97307007262,1833
"2019-04-01 12:00:00",-64.7924142,-203.95738,-150.599454,35.97340165429,410.47590229741,419.46488741338,1824
"2019-04-01 13:00:00",10.40504846,-190.91578,-95.911969,46.295270348655,401.58676437343,411.35231682176,1823
"2019-04-01 14:00:00",129.226722,24.2966279,-19.118915,35.006540332106,393.37636436799,401.871997018,1834
"2019-04-01 15:00:00",127.4186876,55.8417186,-87.7376801,43.078940388114,76.303966347217,390.89551735755,2750
"2019-04-01 16:00:00",167.96744,-38.4069737,-21.54674549,28.932060926032,177.04491530058,390.37089568717,2422
"2019-04-01 17:00:00",164.39518,-124.047431,56.9343337,37.911578969015,390.75117016291,402.45661635074,1829
"2019-04-01 18:00:00",222.71852,78.5513302,47.709583,21.718029964473,375.05024947368,388.75537355588,1831
"2019-04-01 19:00:00",173.339064,-77.2390162,127.19428,28.450079301028,383.98752486842,395.27196180907,1821
"2019-04-01 20:00:00",260.81244,-14.9659086473,97.040922,22.77047374734,367.26310597953,381.46349195567,1834
"2019-04-01 21:00:00",269.62803,78.426728,88.0631498,13.28794519456,364.16067105263,378.49833506107,1860
"2019-04-01 22:00:00",244.56526,10.2484998,134.114456,26.569614546276,363.23371251462,375.78368101799,1831
"2019-04-01 23:00:00",213.32366,-26.9738226,59.3930102,31.916753796693,363.52151561821,376.49345334082,1813
"2019-04-02 00:00:00",182.21273,-103.8541142,106.9751021,31.319847355246,359.13516165414,370.24583573398,1818
"2019-04-02 01:00:00",198.61498,-101.541707,111.192146,28.907087680406,355.41312965748,366.87162276584,1816
"2019-04-02 02:00:00",233.67661,-36.9351518,66.8655514,25.681558364573,347.82255176065,360.58997204224,1827
"2019-04-02 03:00:00",242.53174,-26.1926552,86.069378,14.759039466616,344.61866517544,357.69450892975,1840
"2019-04-02 04:00:00",244.55205,-16.6305331,55.4652554,24.175521895861,333.15995346491,347.88370860846,1832
"2019-04-02 05:00:00",199.30898,-166.11858,29.006906029,23.438008639561,331.44138385338,345.63650496567,1800
"2019-04-02 06:00:00",258.73039,-39.4861571,79.794269,17.068063721489,329.91705425021,342.86399085995,1838
"2019-04-02 07:00:00",243.82932,-9.12243666,78.3256547,30.790619646197,323.99117694298,337.52127566802,1800
"2019-04-02 08:00:00",261.34558,60.9192956,27.83532114,20.336934694625,320.41780380597,334.21564200823,1796
"2019-04-02 09:00:00",268.52316,28.897524342,7.998209,21.088220657957,322.52823479968,335.72863440446,1783
"2019-04-02 10:00:00",250.91948,-84.97865,-5.6551088,25.76905500604,311.62223982874,328.1846422729,1828
"2019-04-02 11:00:00",191.6399,-172.05253,-67.477642,22.637219350925,323.42585865437,337.08122288495,1766
"2019-04-02 12:00:00",188.95269,-180.54387,-67.838583,15.772113708763,333.92620830052,344.53257951844,1793
"2019-04-02 13:00:00",182.71439,-204.15659,-37.385379,18.90439090728,331.07436714385,342.16025229378,1747
"2019-04-02 14:00:00",138.23208,-242.38357,60.2237831,30.427743075096,324.18688321637,339.25489476179,1783
"2019-04-02 15:00:00",138.27146,-253.65405,-24.5625268,10.956570918598,327.54697047201,343.3053773571,1828
"2019-04-02 16:00:00",129.59788,-272.42196,-10.0099783,14.325434569591,346.3150577005,363.08167819587,1839
"2019-04-02 17:00:00",40.6947098,-218.80651,18.927038,44.451557352652,360.61621468045,381.55703133821,1821
"2019-04-02 18:00:00",-67.813593,-247.494,-141.398169,25.817903267787,376.20723196324,396.23811993621,1834
"2019-04-02 19:00:00",0.79786390000001,-154.477232,-132.936303,51.589565620108,387.02769210526,408.07587275812,1843
"2019-04-02 20:00:00",175.65631,-51.9846788,254.09029,24.857092352095,394.82394447368,409.19324010265,1834
"2019-04-02 21:00:00",218.75233,-254.698679,132.306515,35.92700473618,398.89993887427,412.47779118291,1814
"2019-04-02 22:00:00",88.79724409,-90.0024785,-174.1520765,52.799770040485,412.52398553049,424.57870415676,1832
"2019-04-02 23:00:00",85.4311531,-205.62541,43.4893096,41.929664141807,419.02914684211,431.24123352638,1849
"2019-04-03 00:00:00",108.6676154,-103.356877,-93.1721301,46.177446799476,417.95603090434,431.5238415021,1838
"2019-04-03 01:00:00",92.562978,-223.09395,-190.39141,40.676008162524,424.44057767335,441.33347849937,1841
"2019-04-03 02:00:00",135.0988254,-264.76168,-58.5627344,51.516779269201,415.29921859649,430.90655422275,1837
"2019-04-03 03:00:00",170.659423,-266.569625,-24.473735,60.491793687964,388.32230939945,404.16247252042,1831
"2019-04-03 04:00:00",196.1580366,-229.24679,-89.1639519,70.791967451643,363.55282098371,377.95375461175,1811
"2019-04-03 05:00:00",13.1196298,-137.1822422,-172.423591,44.053186639945,419.78015914787,429.09827281147,1840
"2019-04-03 06:00:00",-24.1272,80.2436881,-129.441443,51.317740132593,415.51092380952,424.41059107328,1850
"2019-04-03 07:00:00",141.9154017,-113.506687,-185.93964,46.511761006756,395.29801574561,406.27736510142,1823
"2019-04-03 08:00:00",44.2065318,-191.294885,-213.00291,56.403879936083,392.33074065429,403.02280935513,1827
"2019-04-03 09:00:00",36.79891347,-266.6396834,-286.67135,58.688144181471,367.8226160925,384.0366853681,1798
"2019-04-03 10:00:00",190.802508,-117.0332995,-223.86923,54.804770694177,335.47183742405,354.89999885983,1803
"2019-04-03 11:00:00",122.936957,-268.94588,-211.63879,52.09960293117,356.67907492333,374.39035829742,1776
"2019-04-03 12:00:00",127.672431029,-271.27286,-23.7808765,89.397939426739,365.02483173355,381.31830150457,1774
"2019-04-03 13:00:00",122.355032,-168.452777,30.8344309,73.685530461644,385.8858163918,398.58920710004,1788
"2019-04-03 14:00:00",77.2711563,-336.94266,-8.0049488,33.144697814846,389.42435206976,402.49052872473,1827
"2019-04-03 15:00:00",188.9166108,-236.90369068,47.1284764,50.144897246761,352.38045155388,370.11443884529,1812
"2019-04-03 16:00:00",221.68594,-316.80227,79.9377353,30.046662570787,343.43341151116,361.88801819689,1826
"2019-04-03 17:00:00",219.94985,-287.9634,100.4280713,26.173185160277,359.39232056391,375.25605398255,1822
"2019-04-03 18:00:00",198.2412648,-184.764814,187.988729,52.518548085773,381.31286314119,393.83919380855,1807
"2019-04-03 19:00:00",48.9206641,-332.19013,-49.412696,71.319980767057,407.90860130744,416.76642167318,1815
"2019-04-03 20:00:00",78.9259786,-115.2589547,-303.07185,45.180888154711,406.30708721805,417.84423216971,1844
"2019-04-03 21:00:00",42.7542562,326.023816,-121.166989,48.974938060159,411.21135678571,425.92849433225,1815
"2019-04-03 22:00:00",189.828331,-77.155918,278.11039,71.607452612045,409.04335315808,419.35053578749,1819
"2019-04-03 23:00:00",-31.9132063,-270.944499,81.2587974,60.984000629666,400.82108366437,405.66975367698,1813
"2019-04-04 00:00:00",25.38702487,-190.8956835,-16.0435028,70.266734927394,378.61928371554,383.46269896718,1807
"2019-04-04 01:00:00",292.90343,22.4804218,-71.940524,18.046690786539,382.84583621554,387.48811529545,1854
"2019-04-04 02:00:00",229.83635,123.871161,-106.687098,24.493634517833,374.04606413325,383.25742106409,1845
"2019-04-04 03:00:00",214.58583,149.01317,-133.50238,20.430586867636,356.46176098789,370.04035915785,1831
"2019-04-04 04:00:00",184.23564,-107.446735,16.5121557,28.931664074356,365.47624840434,380.82634930255,1839
"2019-04-04 05:00:00",154.77142,-190.95866,34.6606388,17.028537527728,382.39628324561,396.89149967313,1832
"2019-04-04 06:00:00",174.80867,-170.02559,-14.5388266,28.101735188576,388.55720524645,404.56038845517,1846
"2019-04-04 07:00:00",187.775727,-209.520745,-11.3312752,51.993995902279,416.36283378237,436.80482791727,1829
"2019-04-04 08:00:00",150.723638,-376.14832,-63.2512831,43.916972030732,425.05908771512,447.11816513139,1815
"2019-04-04 09:00:00",50.64094097,-390.75784,-284.72164,31.996089986104,421.90790785714,441.13936680176,1841
"2019-04-04 10:00:00",234.0387874,-478.46039,-42.8950245,64.399465877558,418.18949841479,437.25534851871,1821
"2019-04-04 11:00:00",325.52204,-118.8304252,143.7364371,86.589642850454,402.6955359858,420.48211614398,1819
"2019-04-04 12:00:00",402.20841,-184.820284,246.797179,54.030542429336,400.22824415205,410.9865018096,1836
"2019-04-04 13:00:00",333.207615,-216.4474041,257.808996,66.843553994071,415.7081429348,422.80947032664,1796
"2019-04-04 14:00:00",76.8063283,-247.5957381,-191.2826496,107.17717870693,450.99692881408,458.64672237921,1822
"2019-04-04 15:00:00",105.970788,-269.282021,-115.729653,120.56942302579,447.37208690115,454.31734995003,1812
"2019-04-04 16:00:00",90.911383,-362.83922,96.761435,122.57159358268,446.14541234037,453.80532339416,1772
"2019-04-04 17:00:00",264.11197,-203.701353,203.20207,67.431538938633,437.88059885661,445.58822041868,1791
"2019-04-04 18:00:00",260.36884,-207.2946862,178.78118,64.645571420933,419.5775375207,425.71886160701,1790
"2019-04-04 19:00:00",229.228033,-94.9986993,177.986137,88.504904104456,407.13321770401,412.14827060214,1770
"2019-04-04 20:00:00",283.88284,-107.976425517,149.68554,35.405551352584,407.73858648496,413.33844720342,1838
"2019-04-04 21:00:00",331.33785,-96.948102,94.7485588,37.020312280569,401.57558530702,406.34952078088,1846
"2019-04-04 22:00:00",351.52695,-57.0526415,69.9420535,35.99909162084,398.08952742272,402.67856686138,1831
"2019-04-04 23:00:00",349.51123,-130.105372,35.3398179,50.983059579137,397.71635802783,402.28378527225,1820
"2019-04-05 00:00:00",334.72067,-74.3549142,109.9831325,49.184290630114,404.60250120035,409.78507786212,1800
"2019-04-05 01:00:00",185.841187,-168.0603106,-23.8415883,74.394131823108,411.38341856388,416.29195707497,1797
"2019-04-05 02:00:00",261.220217,-174.287579651,-33.4477107,49.915479709106,401.22467716245,405.42317810518,1775
"2019-04-05 03:00:00",211.88694,-289.4869,48.947458,60.863587326445,405.24915258886,409.34126148225,1802
"2019-04-05 04:00:00",217.729276,-245.073033,53.046808,65.621696690626,401.03739578511,405.18398414682,1794
"2019-04-05 05:00:00",34.8214328,-108.1479462,-115.5368375,82.131385655382,411.75701929689,416.86229679893,1792
"2019-04-05 06:00:00",92.85658753,-136.987076,26.9811759,86.077638726723,414.18449711526,419.01462802357,1774
"2019-04-05 07:00:00",198.9007,-246.69453,61.6325281,62.86443960795,408.14033860485,412.60023614017,1781
"2019-04-05 08:00:00",210.718765,-259.10877,101.585603,55.691091297111,399.39632279918,403.7897434076,1774
"2019-04-05 09:00:00",215.44765,-222.50287,43.43974538,64.522671810214,397.01697140212,401.41602318101,1774
"2019-04-05 10:00:00",199.0317,-278.35067,105.040784,28.58078151704,399.97645172097,404.29765870235,1792
"2019-04-05 11:00:00",140.754699,-273.14895,6.1035,61.308373523628,408.02411074353,412.29392127172,1810
"2019-04-05 12:00:00",77.633374,-282.84224,-151.7370875,53.970254539064,407.60768537708,411.87334736525,1820
"2019-04-05 13:00:00",134.495925,-289.00886,-87.2466615,65.620519040431,406.79634794105,410.76775637153,1831
"2019-04-05 14:00:00",162.77801,-226.96933,86.932428,69.262061498828,404.1684491697,408.14137549997,1789
"2019-04-05 15:00:00",188.735373,-204.944365,40.4551461,52.440945611785,398.60307163772,402.25477481657,1796
"2019-04-05 16:00:00",155.733059,-169.075758,90.7194136,88.872824203262,401.35471402092,404.90444302379,1796
"2019-04-05 17:00:00",215.86014,-178.910752,36.1805535,63.186780606767,393.63246984495,397.95357668668,1786
"2019-04-05 18:00:00",48.3737795,-224.98989,-44.3619748,59.269862507723,422.40294260652,427.37479834988,1830
"2019-04-05 19:00:00",205.52457,-56.0572094,-11.5847136,33.951867966085,411.64018371265,416.97719997933,1801
"2019-04-05 20:00:00",207.52216,-84.3279189,-10.88822237,43.194276114672,407.77124505639,413.33520601998,1798
"2019-04-05 21:00:00",100.450234,93.514047,66.017969,40.837013728618,422.14102243108,428.23090676553,1820
"2019-04-05 22:00:00",79.4649357,87.109179,-70.59384884,54.999323759136,420.61413183565,426.49186280769,1834
"2019-04-05 23:00:00",20.69891268,78.8819612,-74.9338043,50.061759322126,426.05439094137,430.78605316418,1835
"2019-04-06 00:00:00",3.5308103,-44.244453,-11.4901256,39.303826760489,418.32036424394,423.24960490355,1828
"2019-04-06 01:00:00",17.6895471,-143.0559232,46.9964944,46.099239418031,415.54210742481,420.55158235576,1822
"2019-04-06 02:00:00",-121.8154069,-3.1009295,-104.112187,39.238516137307,417.59409849624,421.98911146765,1850
"2019-04-06 03:00:00",-5.41679,-77.0973595,-58.0834228,42.820455947404,407.7780599269,411.66286314973,1855
"2019-04-06 04:00:00",34.9108734,-93.107321,44.2265277,44.620184814868,400.68613960526,404.17459397646,1833
"2019-04-06 05:00:00",-66.0668993,-108.572436,-7.41977159,43.16634971412,399.03650069777,402.72081900476,1801
"2019-04-06 06:00:00",62.7550422,-87.9343458,-97.1003698,38.949298329207,391.0559143047,394.84024865022,1795
"2019-04-06 07:00:00",148.74404,-17.02139928,-58.601565,32.490478722022,387.80832499582,391.84478331172,1835
"2019-04-06 08:00:00",29.0711999,-72.2600839,-58.4088638,50.578679180189,391.11888968199,394.81846065432,1819
"2019-04-06 09:00:00",149.743944,55.9326104,30.70238436,37.565763021119,381.76254742899,385.4192210729,1818
"2019-04-06 10:00:00",124.21308999,-50.564608,36.8789469,43.04453656174,380.69576324372,384.24671337844,1799
"2019-04-06 11:00:00",140.973537,-88.516376,39.2153186,34.285882017539,380.48113174489,383.9645796839,1805
"2019-04-06 12:00:00",147.59059,49.986929,-16.24208633,33.05207103523,378.37881743734,381.86994657454,1820
"2019-04-06 13:00:00",142.443812,33.222690334,16.6260526,24.367630024334,377.49618355263,381.07211663623,1823
"2019-04-06 14:00:00",74.388717,-88.678386,11.9666484,39.384521164895,379.89269165527,383.24261932574,1791
"2019-04-06 15:00:00",93.315885,-113.20471,19.4339015,17.669039162366,378.94281723893,382.27831685749,1828
"2019-04-06 16:00:00",84.549482,-84.1351284,-92.844408,17.84746568404,376.05217090017,379.50314333255,1823
"2019-04-06 17:00:00",63.417731,-86.479814,-104.010311,28.67156594309,374.57677117605,378.10868345309,1811
"2019-04-06 18:00:00",19.387625,-121.70772,-90.075296,26.219804515695,376.15189998538,379.68053890674,1818
"2019-04-06 19:00:00",44.0984171,-139.33296,-70.003258,15.926406574108,377.91902425439,381.44677290135,1845
"2019-04-06 20:00:00",132.500376,44.681476,-52.160685,15.340408054403,365.57738556524,370.87314811677,1842
"2019-04-06 21:00:00",145.16065,71.762237,-73.088347,15.344864661319,363.18989596491,369.58819682383,1836
"2019-04-06 22:00:00",172.69962,79.804855,-37.7445743,13.298312154296,366.24409179825,371.42909806249,1844
"2019-04-06 23:00:00",197.66174,52.891782,-25.2242717,8.9516616341608,361.11728517544,368.25065011708,1838
"2019-04-07 00:00:00",195.07523,-12.722040546,35.5707741,11.096391857509,362.32784824561,369.75707084855,1860
"2019-04-07 01:00:00",154.22468,-88.830957,55.6585296,20.673273273659,360.62865405388,367.93155717801,1820
"2019-04-07 02:00:00",36.3282114,-114.567125,-37.630015,26.145622821428,363.90358245462,369.39296600493,1797
"2019-04-07 03:00:00",-13.8875355,-158.6955,-60.9263177,37.74388407116,367.61412914564,371.49035701391,1782
"2019-04-07 04:00:00",-39.4179001,-161.732771,-60.1925592,35.408962581352,371.5439393609,375.15933798552,1777
"2019-04-07 05:00:00",87.2436835,-142.79776,7.6933278,27.830416090933,367.58817612782,372.02749865717,1832
"2019-04-07 06:00:00",102.5360014,-120.19145,61.4200591,16.292902210651,358.51253343358,364.55815959026,1809
"2019-04-07 07:00:00",109.404971,-120.68311,33.9159054,14.900648240047,359.60679665414,365.5146790197,1825
"2019-04-07 08:00:00",77.199418,-143.12861,-28.22136044,17.233894408563,352.27615851504,359.88670393364,1816
"2019-04-07 09:00:00",-7.47594652,-110.603783,-86.4801854,29.315082898703,353.38633104166,361.43999133807,1821
"2019-04-07 10:00:00",-7.846534,-106.8772436,-88.3563323,19.912553243145,355.51375707761,363.46798381332,1841
"2019-04-07 11:00:00",27.939185,-172.71673,-90.872661,11.153083220375,351.97378969298,361.88166022215,1853
"2019-04-07 12:00:00",4.7731427,-196.55085,-41.69434006,17.698725021521,354.99491166667,365.87369812593,1838
"2019-04-07 13:00:00",56.2560058,-206.22594,4.8928279,22.556798992859,342.7084924812,356.61022737445,1833
"2019-04-07 14:00:00",134.44594,-103.322247,94.36142,17.611081346165,336.27415534399,352.36463088732,1823
"2019-04-07 15:00:00",146.24748,-17.375806,85.92928464,23.556095926779,336.22048379781,352.74735804742,1804
"2019-04-07 16:00:00",-71.978461,-83.5184852,-81.380363,20.768639612992,361.77973194862,374.36139001404,1842
"2019-04-07 17:00:00",-139.36921,-92.298533,-63.9254709,12.852430551683,364.5906695614,380.10698542535,1856
"2019-04-07 18:00:00",-109.197535,19.6462639,-146.45034,14.719359222205,366.98630995614,382.62923624368,1849
"2019-04-07 19:00:00",-44.486017,96.4841446,-99.2414138,26.502083836666,365.28849032999,381.26459869527,1833
"2019-04-07 20:00:00",-143.475139,1.8220894,-79.020329,19.926472800965,380.20822096491,395.67494969021,1840
"2019-04-07 21:00:00",-0.82295239,-172.5599049,-73.9429328,47.861348630103,385.1495291249,405.99587398279,1831
"2019-04-07 22:00:00",84.622371078,-224.93042,-83.57892685,25.784222342038,373.45335569131,394.86507931884,1847
"2019-04-07 23:00:00",97.68694663,-222.8528168,-77.132193,50.349000871619,377.8544277005,400.38408206605,1828
"2019-04-08 00:00:00",28.6228844,-72.1779807,34.8251621,35.45537830162,415.70094144737,442.62963651338,1846
"2019-04-08 01:00:00",88.976124,-227.3729608,-13.1830561,36.435280903903,428.0683622807,460.46336096051,1830
"2019-04-08 02:00:00",133.10368,-243.92597,-117.6084692,37.685722830034,437.9483652193,471.53334893497,1831
"2019-04-08 03:00:00",206.75509,-238.84526,-288.26284,58.966990035315,425.02154964703,455.10850251136,1832
"2019-04-08 04:00:00",331.10649,-266.20083,-107.261288,75.418703528014,389.29282410401,415.41234684715,1800
"2019-04-08 05:00:00",366.88334,-133.8179513,263.56973,77.379981511471,396.88619765512,425.13122733224,1807
"2019-04-08 06:00:00",221.98528,-55.5887546,296.81685,72.11980290982,425.40174098998,438.38259459351,1846
"2019-04-08 07:00:00",43.3339457,-207.6541345,27.780187,61.111756268868,442.94398011696,453.95014088421,1853
"2019-04-08 08:00:00",-32.337829,-228.5066714,0.72914499999999,80.798694506851,435.51182394433,444.99808206763,1803
"2019-04-08 09:00:00",99.479585,-146.709586,196.569745,78.314565420535,436.22917042796,446.34513587706,1810
"2019-04-08 10:00:00",159.192327,-67.8034865,295.710226,42.728192349334,427.97880798929,437.54838809708,1782
"2019-04-08 11:00:00",127.3339836,-122.2886095,-1.9677,57.285614394444,419.59642009285,426.90661846973,1804
"2019-04-08 12:00:00",35.7148437,-97.811503,-122.811732,60.975331781378,412.93764117142,419.5453751744,1783
"2019-04-08 13:00:00",14.4617267,-169.8232403,162.631915,57.2073302387,418.2922173333,425.82978388416,1801
"2019-04-08 14:00:00",67.7669418,-218.918922,-26.3811644,68.814487746012,416.16076069853,422.61887462812,1825
"2019-04-08 15:00:00",125.39124625,-176.004052,-204.53189845,65.434876920447,406.27472309785,412.86192064953,1804
"2019-04-08 16:00:00",206.61902,-162.128247,-42.430841,68.612247328881,398.66915626449,406.32705448853,1778
"2019-04-08 17:00:00",169.13092,-165.2299633,-67.44977457,35.5835003873,402.96636319967,410.00070012193,1856
"2019-04-08 18:00:00",46.6331373,-153.1688482,-76.211042,61.79439234811,397.63596487526,403.72207566855,1784
"2019-04-08 19:00:00",156.15056,-206.16071,48.9880605,32.763018065704,388.13270998804,393.97205965067,1833
"2019-04-08 20:00:00",99.1172991,-203.51145,51.933557,44.38530352017,382.96666207583,389.9967803746,1792
"2019-04-08 21:00:00",202.38313,-217.00146,-37.8486311,23.06543076694,366.44318970058,374.94051875313,1797
"2019-04-08 22:00:00",183.061091,-241.2994829,14.7481362,62.330194642597,357.15125240826,367.55151350148,1790
"2019-04-08 23:00:00",165.734558,-249.27262,-54.3089283,37.17588413268,356.45758395781,367.71296948185,1788
"2019-04-09 00:00:00",85.2094459,-261.40425,-18.892081,38.884784159316,368.34459044695,376.83284613339,1813
"2019-04-09 01:00:00",72.623373,-281.19836,25.0117352,57.116882535842,371.34292334473,379.86650171683,1791
"2019-04-09 02:00:00",-19.1756076,-242.09169,93.9241103,35.62093704171,380.71898975042,387.80237294223,1800
"2019-04-09 03:00:00",51.255783,-237.97686,57.3506484,65.107100703075,372.63720051869,381.22375239758,1791
"2019-04-09 04:00:00",178.19508,-206.79332,-35.9775043,55.449436299213,353.86530586961,367.24330764527,1783
"2019-04-09 05:00:00",158.6737535,-201.106285,69.915603,37.300110125151,366.22299593225,377.28674049796,1832
"2019-04-09 06:00:00",119.6443074,-223.64599,-119.400713,58.289336047429,362.33934849851,374.16154344019,1785
"2019-04-09 07:00:00",-11.4502088,-305.81885,-80.743026,37.559914723377,378.75915747266,387.42996647843,1802
"2019-04-09 08:00:00",29.901638,-311.54178,-11.140154,50.16777908984,376.06351255924,384.63530716415,1801
"2019-04-09 09:00:00",110.00367819,-231.32654,18.2806149,55.953773279069,377.05713189632,386.72864063971,1805
"2019-04-09 10:00:00",-6.4401879,-300.46748,9.5026947,52.428583624236,403.07108002297,410.69517133439,1833
"2019-04-09 11:00:00",131.349483,-249.09111,-3.4098177,77.292381148711,388.79947720565,398.10403458088,1784
"2019-04-09 12:00:00",126.37182317,-270.2158,-112.72303488,53.848625378442,387.00099397661,395.16594271689,1801
"2019-04-09 13:00:00",117.9416946,-224.64144,-69.6230556,29.673196682166,431.20617631579,436.72021336638,1860
"2019-04-09 14:00:00",34.7670455,23.768427,-244.88221,31.973210124582,442.96163211988,454.94109580673,1854
"2019-04-09 15:00:00",110.7683951,-35.69439465,-151.691054,53.877926058337,439.8847614777,455.36085727557,1833
"2019-04-09 16:00:00",199.6393292,-110.258583,24.6035979,59.159552387617,423.65163358396,437.41579374158,1804
"2019-04-09 17:00:00",204.7854,-26.157212,82.4064106,41.848276248112,424.39723934837,441.85445970954,1832
"2019-04-09 18:00:00",231.0469,-77.79728675,-47.7419188,39.634691062976,420.26013169173,440.76881846253,1853
"2019-04-09 19:00:00",221.32166,-158.7496068,64.65473025,42.478846751745,422.80525318296,444.52786142122,1857
"2019-04-09 20:00:00",226.22603,-158.6854994,84.4668034,59.855337180646,426.24154608814,450.15030389644,1822
"2019-04-09 21:00:00",215.977659,-238.07640676,197.242186,50.562240553271,437.65235060568,458.07375138498,1833
"2019-04-09 22:00:00",-2.3221896,-126.498786,-21.641438,74.516224465861,437.41992084378,450.08794323223,1827
"2019-04-09 23:00:00",142.812876,-294.5575497,-151.350539,49.454079279711,436.45598481962,449.12800401513,1799
"2019-04-10 00:00:00",69.810391,-15.582276,32.2118445,74.537343111633,448.02417362592,460.17754796761,1830
"2019-04-10 01:00:00",106.959294,-291.546399,-269.73875,56.598585153305,431.51647602073,440.31652202741,1848
"2019-04-10 02:00:00",113.399462,-185.250601,-119.898289,102.72505216227,428.8625467691,438.41252236578,1796
"2019-04-10 03:00:00",270.48697,-367.87636,-29.91897981,52.783074245271,412.82016826954,422.05964233557,1748
"2019-04-10 04:00:00",272.10851,-372.33151,50.1106765,39.124247140558,406.82030444748,415.20952809364,1768
"2019-04-10 05:00:00",264.09661,-331.61863,108.1172177,45.481782219646,407.07892975241,415.15716958432,1833
"2019-04-10 06:00:00",219.61824,-164.5395887,316.205903,81.355308963066,411.23327411901,420.11227404256,1842
"2019-04-10 07:00:00",148.7044393,-67.2243024,234.049321,59.973963699861,409.71697367434,417.35468829449,1823
"2019-04-10 08:00:00",142.559716,-211.65345,167.99564,70.503651452384,416.47816553144,424.00350690812,1828
"2019-04-10 09:00:00",-27.9847069,-63.0138896,275.273896,53.68587834738,423.10361886098,433.20136651939,1806
"2019-04-10 10:00:00",104.8561867,-158.9964727,187.805939,61.849760643995,419.58095543461,428.57363783286,1834
"2019-04-10 11:00:00",77.2766809,-219.296407,35.97739909,63.762897894319,411.36512238475,419.47376534502,1807
"2019-04-10 12:00:00",79.9202639,-149.454936,-43.896881,64.110056075195,413.45818952723,421.32159874526,1811
"2019-04-10 13:00:00",114.49540633,-115.5650795,-87.712066,71.06410930656,414.73689895457,423.07020617297,1817
"2019-04-10 14:00:00",165.000225,-103.154249,107.372035,58.259630118808,409.55069264734,417.17810179149,1791
"2019-04-10 15:00:00",91.3756357,-141.9816335,-128.3023554,65.284321593672,407.25310820555,414.37542269975,1794
"2019-04-10 16:00:00",50.0580323,-75.4715226,-213.496268,71.260910318401,404.47479114077,411.57109184488,1798
"2019-04-10 17:00:00",208.8496,-154.037611,-73.7006376,57.246087484308,394.15100879168,400.98701771565,1814
"2019-04-10 18:00:00",239.41482,-41.4396808,4.446687,43.272138424191,386.70917108776,393.26591118019,1833
"2019-04-10 19:00:00",220.03362,-54.7084286,78.29996484,37.478784768732,386.84720191312,392.8823735201,1852
"2019-04-10 20:00:00",213.87698,-77.92491521,67.1123251,43.669508103142,379.82083880744,385.83796064881,1841
"2019-04-10 21:00:00",178.734639,-109.63670378,74.3491714,34.910981980304,381.71627832669,387.23454041811,1844
"2019-04-10 22:00:00",127.295649,-165.5098,43.8671982,44.926371865128,380.25713206291,385.53298826807,1815
"2019-04-10 23:00:00",166.9889498,-84.86471942,36.084291,38.785909547055,379.75629162831,385.02512166168,1821
"2019-04-11 00:00:00",211.18176,-43.16927465,95.205181,34.50384574713,376.3294975118,382.1313548399,1837
"2019-04-11 01:00:00",178.989642,-130.325026,11.46844347,28.388738306584,375.14408610447,381.65526413657,1824
"2019-04-11 02:00:00",117.685547,-174.366986,-21.37016,37.093552840011,381.80458603706,387.14044222219,1816
"2019-04-11 03:00:00",204.29919,-117.18779,39.0415169,24.055547639103,375.79276048246,382.0107504626,1842
"2019-04-11 04:00:00",195.82391,-62.8641962,-93.8661,28.017782535524,374.13018859649,381.33824414685,1833
"2019-04-11 05:00:00",178.10326,-102.3050555,-81.5818895,32.526785961788,381.38181387636,387.33999971177,1842
"2019-04-11 06:00:00",158.46618,-71.602818,-59.5603747,32.910652358234,383.61774770886,390.42338224265,1825
"2019-04-11 07:00:00",129.631538,-92.828242,-105.852438,31.707522878528,391.8943777548,398.7433213075,1829
"2019-04-11 08:00:00",143.610015,-121.312475,78.5562516,33.287767724845,394.15965748956,401.59893752746,1811
"2019-04-11 09:00:00",84.20205541,-51.73672668,-87.4412171,36.274755540414,397.3131371533,404.14854641408,1835
"2019-04-11 10:00:00",47.126566,-144.0097401,-22.6797938,31.706922466186,394.96274487867,401.66244972213,1831
"2019-04-11 11:00:00",74.5351126,-116.24666602,-47.2101261,51.107778633194,388.37580446229,395.97782792543,1802
"2019-04-11 12:00:00",82.370263,32.87961558,-159.181133,29.46507258471,387.76986601048,394.30654595561,1844
"2019-04-11 13:00:00",96.64904918,117.63112,-87.4671123,27.358166646714,377.47892908521,384.51701286264,1818
"2019-04-11 14:00:00",17.7969035,19.46964075,-148.542159,37.13763486163,382.85375995196,389.18576691335,1846
"2019-04-11 15:00:00",77.603945,134.3960099,-99.148164,31.132464809104,388.80043867586,395.92527770716,1845
"2019-04-11 16:00:00",96.743711,155.5300627,-69.0337284,34.899016707503,384.52381838972,392.23038535939,1834
"2019-04-11 17:00:00",196.43113,-0.62727076000001,12.4266026,18.328568186935,367.42777464912,377.47020302088,1856
"2019-04-11 18:00:00",184.93445,4.4966133,0.052224900000002,24.308577687429,362.87090644528,373.06338531216,1844
"2019-04-11 19:00:00",131.122627,-84.865977,114.15546,28.866359011026,362.14088158939,371.61067409663,1828
"2019-04-11 20:00:00",157.89285,-56.1890226,118.233172,24.025293655277,357.14439613409,367.6997002478,1842
"2019-04-11 21:00:00",147.43314,-41.8750954,170.89436,20.523832856364,364.01414274854,373.30109921414,1810
"2019-04-11 22:00:00",129.537095,-144.30970035,92.057562,30.843544423127,385.46812120927,392.62298282187,1835
"2019-04-11 23:00:00",84.9369593,-247.81332,-31.53592374,34.308001154079,396.53773001462,404.35477216104,1814
"2019-04-12 00:00:00",83.493414,-186.920117,-49.57652499,53.883151901595,386.15804366541,393.72526532204,1811
"2019-04-12 01:00:00",153.931819,-201.2910724,-47.367806572,38.724718127459,376.92272638262,383.51969947046,1825
"2019-04-12 02:00:00",220.12156,-40.583369,18.36092965,41.017782464263,368.88247413325,378.49436360822,1824
"2019-04-12 03:00:00",164.762,-119.517138,-89.3074467,30.228784336608,376.69107992063,383.61732071307,1834
"2019-04-12 04:00:00",155.972564,-107.31239547,3.5436943,37.59961767919,379.4543269883,385.10783462368,1834
"2019-04-12 05:00:00",98.40729,-165.76442,-123.517158,28.392144589437,378.79204940476,383.90829098795,1823
"2019-04-12 06:00:00",95.621025,-163.03767,-83.7013684,35.389082704563,378.04756151002,383.28260165309,1839
"2019-04-12 07:00:00",89.279057,-17.747034,-119.37935,29.890344940751,367.52296170426,374.80801130627,1807
"2019-04-12 08:00:00",117.9445159,-67.3195114,47.281579,25.551713803869,370.77977942565,377.02963836088,1824
"2019-04-12 09:00:00",110.475656,-67.4513372,32.5795935,36.521082734741,373.45769870301,379.31303139475,1825
"2019-04-12 10:00:00",64.36714908,85.083838,-127.9044812,37.827186817203,378.67198937761,384.55613868303,1819
"2019-04-12 11:00:00",-58.8836993,-16.1440266,-186.44074,30.810505453246,63.619627986633,387.76692782726,2808
"2019-04-12 12:00:00",19.3916619,-119.304774,-150.929367,48.207736953011,217.16124938805,400.71383310839,2358
"2019-04-12 13:00:00",95.3891803,-22.606918,33.5892911,45.414212703999,393.85671740507,399.71798940305,1809
"2019-04-12 14:00:00",127.506724,92.306763,81.336699,31.664672700666,393.37433186185,399.26742379878,1787
"2019-04-12 15:00:00",71.774081,-176.812928,-91.598262,31.302844228987,390.63990673749,396.19798691952,1798
"2019-04-12 16:00:00",51.4006413,-168.9007691,-114.428395,38.335692606715,398.96926160895,405.14325111458,1833
"2019-04-12 17:00:00",203.18817,-34.053062,101.9732139,35.641172898057,393.21081460526,398.88906634109,1859
"2019-04-12 18:00:00",183.8867,56.67124613,129.8476773,33.459846135098,379.160086934,386.37740021539,1824
"2019-04-12 19:00:00",218.31482,-21.68932321,81.304587,32.728181186044,374.52017297828,384.76484463341,1835
"2019-04-12 20:00:00",218.38356,-68.4103464,-3.968393573,40.854503816782,374.72501940476,384.87545513784,1851
"2019-04-12 21:00:00",239.42861,-139.351658,60.33178879,24.92941455468,372.60911304056,383.64606401233,1849
"2019-04-12 22:00:00",68.6082784,-264.141231,-57.15273133,65.213969212811,389.27881054496,399.59925475233,1807
"2019-04-12 23:00:00",70.9907885,-286.0650632,39.2151657,41.259848122141,401.02918374117,410.97016617754,1837
"2019-04-13 00:00:00",75.0840314,-206.894876,223.4044,48.633225258372,399.7066973931,409.39254953989,1840
"2019-04-13 01:00:00",-85.4126931,95.5642309,-127.544554,41.293379681014,415.36834331985,425.37408981657,1827
"2019-04-13 02:00:00",-165.4728465,-36.4298869,-79.9444201,43.692281322199,413.15271634503,422.74514333861,1846
"2019-04-13 03:00:00",-270.48102,-122.542422,-90.928076,20.115006417349,388.31062235247,393.53977359818,1842
"2019-04-13 04:00:00",-251.05417,-186.50635,-3.0832817,14.072724786926,388.52625083333,393.36117481053,1850
"2019-04-13 05:00:00",-163.199485,-129.491902,107.87298,30.038499538481,393.56338451963,399.30745161586,1810
"2019-04-13 06:00:00",65.8269808,13.46941582,51.7531945,39.291699927676,392.42067054378,398.20997135448,1825
"2019-04-13 07:00:00",-38.291641,-109.4013631,17.76828435,28.660150983622,385.16468540309,390.14758244354,1826
"2019-04-13 08:00:00",137.30863,73.959395,24.23346934,20.923448957294,389.09224614035,394.28858722245,1858
"2019-04-13 09:00:00",180.09357,30.1018746,-4.87365523,13.90699130493,385.6242936132,391.33640708213,1841
"2019-04-13 10:00:00",135.59957,51.0358471,-8.07697059,25.439354976571,380.24412103383,385.78755490166,1828
"2019-04-13 11:00:00",62.4805905093,-44.6126832,-48.79011283,41.173979700565,374.29843294486,381.14154979506,1829
"2019-04-13 12:00:00",-101.648285,-73.2441462,29.0996108,29.782992259501,372.29227381161,380.071697337,1795
"2019-04-13 13:00:00",-132.4359347,-41.2853452,-4.5959099,24.498704031268,379.52187486633,387.31689464025,1831
"2019-04-13 14:00:00",37.7255756,-95.007888,37.23295901,33.611762254642,370.66265742063,380.15768968439,1827
"2019-04-13 15:00:00",147.48185,7.8393342,18.0475664,14.053462857217,374.23157425439,384.09934235611,1857
"2019-04-13 16:00:00",95.518679,-64.405251,-0.28779812,22.041166125638,377.11625372807,387.82400755652,1852
"2019-04-13 17:00:00",140.27201,-22.81497868,-33.3753264,13.993346776376,379.12757245614,390.52939731766,1851
"2019-04-13 18:00:00",57.7856529,-114.27831,-10.222583442,35.903117601924,375.49478132623,389.03383071341,1846
"2019-04-13 19:00:00",-9.62456967,-121.39302,-55.0876867,22.118637742944,368.12558767544,384.39621793784,1844
"2019-04-13 20:00:00",41.08000545,-32.922068,-71.624973,26.272446363182,364.17620149123,380.78111604561,1845
"2019-04-13 21:00:00",38.836687,47.3657359,-56.228564,25.010281004163,371.97289415789,389.55690734343,1841
"2019-04-13 22:00:00",-76.82668,-41.809719,-32.646896,20.400246882503,373.78290041228,392.75686085862,1843
"2019-04-13 23:00:00",90.270828,-4.6880946,-20.01680513,19.067783761272,363.96081617982,383.83065159152,1843
"2019-04-14 00:00:00",92.09862,-20.01304944,15.00143013,9.4951937671488,357.60424988221,374.25503432854,1845
"2019-04-14 01:00:00",74.736085,-25.65776809,-47.4939871,21.168407146078,350.33853315789,369.73372927878,1839
"2019-04-14 02:00:00",92.407761,-28.1207918,-15.0500857,16.670329441439,345.38243762281,365.437655719,1843
"2019-04-14 03:00:00",113.4329,-1.17077289,31.113614,10.762886715974,346.60250635526,365.67443434659,1856
"2019-04-14 04:00:00",80.7135532,-15.3389843,-28.9044343,21.749608371828,353.28230236842,371.91873255198,1852
"2019-04-14 05:00:00",-26.6528914,-85.811849,-120.57905,17.852871370436,351.19812307018,372.11625017824,1854
"2019-04-14 06:00:00",-5.626916,-116.73806,-91.23762,13.914217514097,350.48194473684,371.13872094834,1860
"2019-04-14 07:00:00",116.114944,-31.5307417878,17.42032636,13.49458036495,337.94223936404,359.47327070354,1842
"2019-04-14 08:00:00",120.378156,-45.83567048,33.6297848,22.938799037007,350.15245454825,372.16980873521,1841
"2019-04-14 09:00:00",98.526076,-88.25899956,39.673625,23.456098566431,349.76417315497,372.57307750933,1849
"2019-04-14 10:00:00",133.770325,-39.722878,32.1314365,15.900687363601,347.72680769925,369.30495653552,1844
"2019-04-14 11:00:00",104.382194,-77.359677,20.9534003,13.507804471821,349.90878973684,373.32650529319,1844
"2019-04-14 12:00:00",123.83663,-65.93598074,9.14172854,17.390730505537,344.29839140789,368.20007090191,1838
"2019-04-14 13:00:00",44.9324247,-102.210519,-34.66259941,25.366959030907,348.19637825439,373.33280097569,1834
"2019-04-14 14:00:00",111.749722,-13.20369743,-36.9076226,14.725415686543,338.38941394298,365.08610102217,1826
"2019-04-14 15:00:00",117.83135,-24.6751704,-0.1403971,14.261174081006,337.2188122807,362.91870288969,1860
"2019-04-14 16:00:00",97.15919,-18.43290531,-16.29393364,10.088044913506,328.64858035526,355.08922778233,1845
"2019-04-14 17:00:00",43.5894775,-56.27744261,-35.3239356,27.379514417981,313.56259977193,341.93272887439,1847
"2019-04-14 18:00:00",91.042899,-44.7964643,-64.019089,17.778907416743,289.57664604386,316.60366025191,1846
"2019-04-14 19:00:00",76.975732,-46.04145703,-28.04379634,11.51996152029,281.80338316228,309.6189782719,1858
"2019-04-14 20:00:00",40.7458219,-118.597304,-16.5679031,18.909302550685,279.31546232456,307.22466651979,1857
"2019-04-14 21:00:00",74.864501,-106.086596,-17.29142929,16.234446662195,282.34930733772,309.20761326406,1859
"2019-04-14 22:00:00",-21.314983,-136.18668,-74.430519,13.198916183023,290.85055454825,319.19593493621,1840
"2019-04-14 23:00:00",-47.166168,-185.23414,-94.554647,10.456508902645,293.52828802193,320.74853508625,1857
"2019-04-15 00:00:00",-33.99374568,-184.47513,-38.8741274,12.903747120026,310.21051445175,342.69296037247,1855
"2019-04-15 01:00:00",-22.7913191,-185.25542,-35.4111197,20.42514365347,307.18218810526,338.64484291744,1840
"2019-04-15 02:00:00",-147.95103,-123.350303,-91.1475885,23.982770214109,337.03605727193,369.03409563514,1851
"2019-04-15 03:00:00",-28.8376099,-206.17833,-73.293956,35.574548166346,354.75108100877,395.26434897723,1854
"2019-04-15 04:00:00",33.7968727,-280.33723,16.3371907,34.546074042326,372.58675810526,419.7639648073,1858
"2019-04-15 05:00:00",126.454953,-268.6866978,162.01934,54.160326490949,366.50367878655,412.92771412605,1837
"2019-04-15 06:00:00",49.6300553,-296.483229689,26.743365,57.426466533452,389.10866125731,444.40266377657,1848
"2019-04-15 07:00:00",-246.08319,-119.5723916,-190.8852252,31.920067998524,424.69091012322,469.40635953978,1834
"2019-04-15 08:00:00",-82.2456292,-214.158247,39.995081,81.708113117103,395.27905265873,426.98679138817,1814
"2019-04-15 09:00:00",-32.47558,-285.166663,157.822598,62.37300653536,386.7451946345,420.71346972451,1849
"2019-04-15 10:00:00",79.53,246.405119,43.2071926,33.185231663901,388.8273328467,426.09633918822,1847
"2019-04-15 11:00:00",109.33428,218.10936,63.665625,20.574529533106,384.53610659357,420.68140949023,1831
"2019-04-15 12:00:00",58.26498657,271.168853,32.256712,31.126277413523,382.21504846491,416.36485456752,1849
"2019-04-15 13:00:00",138.2578381,176.498344,118.9723725,47.514790254797,369.00911233982,403.15580813908,1838
"2019-04-15 14:00:00",104.7765131,-87.262964,328.09979,43.467164162763,347.84890097156,376.47603492876,1812
"2019-04-15 15:00:00",-170.1613333,-281.56125,-42.0672065,46.044882349693,364.82784934002,392.09031258228,1825
"2019-04-15 16:00:00",-263.01307,-265.8966,-32.7296988,30.842473563145,351.27364720343,375.10789595834,1826
"2019-04-15 17:00:00",-2.44675,-355.68678,-28.58552601,25.885166389242,355.74966337302,382.35851829835,1828
"2019-04-15 18:00:00",48.86679563,-340.58346,-127.310746,42.115973811448,372.42456153828,406.09372141057,1838
"2019-04-15 19:00:00",9.01051236,-222.41735,-175.69036,42.909496753409,380.73273858169,420.54811875013,1833
"2019-04-15 20:00:00",182.794478,-70.9248133,-100.189463,29.784581365586,372.22527343776,412.83838109945,1834
"2019-04-15 21:00:00",70.4637139,55.50670883,-62.35008,20.63201663508,410.73347982456,466.16529432657,1860
"2019-04-15 22:00:00",67.1409781,-82.899641,21.32199288,22.9280910445,405.80100694737,458.95664796308,1854
"2019-04-15 23:00:00",97.7293311,-125.9122982,8.4863754,41.672363454196,386.0431497878,424.34447586922,1847
"2019-04-16 00:00:00",219.31483,-195.83553,51.1025381,41.004293816492,367.99989856767,396.8207110432,1838
"2019-04-16 01:00:00",243.127709,-211.0180133,31.30644396,28.647067950289,372.03825719298,394.17665258186,1858
"2019-04-16 02:00:00",297.7829,-102.5950817,144.6770908,24.511655170284,368.80730904386,392.23624966845,1832
"2019-04-16 03:00:00",199.0173306,-167.93964,9.193839,44.952052945691,380.81031308918,406.10628852564,1811
"2019-04-16 04:00:00",116.540129,-114.97779,-81.7698756,35.999514391291,391.71156524018,415.86498320999,1831
"2019-04-16 05:00:00",-45.079741431,-140.34337,-137.21908,31.790542091889,385.14924359649,405.38964907531,1839
"2019-04-16 06:00:00",7.8290384,-93.1593174,-119.536128,43.386203900819,381.29298647243,401.6763389042,1828
"2019-04-16 07:00:00",143.08099,167.6408982,72.1955486,44.085603374187,385.41780241228,410.53664710397,1831
"2019-04-16 08:00:00",100.9005834,153.51128,69.6871902,37.470869017309,391.32354902882,419.91353548238,1846
"2019-04-16 09:00:00",54.092054,-92.212689,59.4366989,43.507038864836,370.57949114035,387.94189906791,1826
"2019-04-16 10:00:00",-275.35134,14.238811,-80.06057,12.976252375516,369.55180964912,380.42911532901,1851
"2019-04-16 11:00:00",-233.99017,-28.22493336,-105.7214015,15.892527908086,364.29233233918,375.17006037247,1835
"2019-04-16 12:00:00",-37.86448047,-236.84984,2.05275033,23.28644443392,352.53724158772,365.10522014857,1830
"2019-04-16 13:00:00",-0.6720586,-242.33145,34.5083441,20.006226244024,345.06824723246,358.91545954662,1835
"2019-04-16 14:00:00",73.2974914,-113.2834656,132.2459189,17.084338376879,334.05424766813,349.86901685965,1809
"2019-04-16 15:00:00",141.27788,27.44671,133.92447,16.813767080512,338.46286688596,352.5246265955,1828
"2019-04-16 16:00:00",52.164731,-110.649123,145.4862,19.784774609392,338.13372532456,352.60021441021,1848
"2019-04-16 17:00:00",69.1419623,-145.77044,70.260722,22.194811125273,331.09280569027,347.08654085311,1819
"2019-04-16 18:00:00",66.66113075,-129.10443,-76.7148874,19.072535074928,324.02355816479,341.38933268985,1809
"2019-04-16 19:00:00",-21.2852773,-50.2391759,-71.1327491,28.681930052542,332.25237716729,347.90422016367,1826
"2019-04-16 20:00:00",-66.5603648,-46.9052564,73.49868123,23.297802939576,338.94484896596,353.41039181917,1836
"2019-04-16 21:00:00",66.577704,-108.4193321,18.1292916,23.06640380714,315.36980234942,335.49140481096,1808
"2019-04-16 22:00:00",118.86291,40.1920915,23.78204432,17.345591763517,306.8502893254,328.1044971474,1825
"2019-04-16 23:00:00",102.84891,15.6989009,2.03213113,14.910448570273,308.2402916983,328.96954058983,1814
"2019-04-17 00:00:00",-10.920435,-79.288645,-2.5476949,18.876582629701,320.56338777277,339.39012317372,1811
"2019-04-17 01:00:00",-70.882004,-66.7654454,-60.179564,17.749494319917,325.93630162907,343.94634418436,1826
"2019-04-17 02:00:00",17.556286,-12.8785901,-52.580216,23.7004035257,318.19227434649,337.61494423551,1836
"2019-04-17 03:00:00",5.4852487,48.124895,-61.4936815,26.986857241958,322.32660930263,342.10485092431,1852
"2019-04-17 04:00:00",45.2954793,-13.30724205,13.75445821,17.24410286479,325.05870653509,344.25318720615,1837
"2019-04-17 05:00:00",89.291138,6.50383955,1.923854,9.7320245725895,325.24835442439,344.54555419072,1837
"2019-04-17 06:00:00",95.052978,-25.4843262,9.62524627,17.222756384676,325.73077214035,345.22392096216,1834
"2019-04-17 07:00:00",114.992569,42.74556,54.761887,17.176229772384,326.64291785088,346.82000927877,1852
"2019-04-17 08:00:00",66.443727,-21.55735934,83.536684,14.813881750346,329.33613214035,349.23619738866,1856
"2019-04-17 09:00:00",71.97421,-95.144534,80.677689,12.129389237995,324.27994780263,345.6713236181,1827
"2019-04-17 10:00:00",87.046127,-49.7093202,79.8510444,18.790419733593,318.43913933333,340.39522537324,1831
"2019-04-17 11:00:00",144.10071,-40.41571193,87.474884,11.130249642643,304.58757400439,326.08154530731,1851
"2019-04-17 12:00:00",163.18708,10.595426,19.989749714,17.475789960891,289.00312623246,312.46144598692,1835
"2019-04-17 13:00:00",178.06485,32.579969,49.1078176,20.164866556429,285.1909839693,309.36438545267,1840
"2019-04-17 14:00:00",170.91002,-42.1758943,-48.47493939,18.829523233494,290.2456307807,313.83718712162,1852
"2019-04-17 15:00:00",105.2061591,-159.04562,-97.8924739,25.287809449826,298.36277871491,320.12866608644,1851
"2019-04-17 16:00:00",121.38981,-184.6996,-45.3795039,19.932383456255,293.01613889474,313.61815420197,1856
"2019-04-17 17:00:00",72.0720413,-184.58501,-56.0015644,21.531602441959,296.10538841667,318.35358030971,1845
"2019-04-17 18:00:00",8.2488638,-166.91201,-147.43425,25.677851100451,306.73194040518,329.92184698218,1838
"2019-04-17 19:00:00",67.70778684,-119.984613,-55.07402899,26.837570091394,317.1673279741,340.14268268096,1851
"2019-04-17 20:00:00",100.748553,51.62388202,97.99606,17.794061896937,326.46561403509,352.19320381148,1860
"2019-04-17 21:00:00",128.28327,63.7147094,165.97201,20.298066871115,325.28013438596,357.47331957526,1856
"2019-04-17 22:00:00",109.63029,134.388,170.02752,12.454958079752,326.48533052632,358.39046926187,1848
"2019-04-17 23:00:00",73.630909,151.09488,158.95716,5.0373637214429,329.60732631579,360.58940482009,1860
"2019-04-18 00:00:00",62.397255,176.62483,164.7707,8.6766512719736,316.30752017544,342.54158392679,1860
"2019-04-18 01:00:00",70.999065,191.81544,149.55484,8.5125179771989,308.3261669693,333.23552179905,1848
"2019-04-18 02:00:00",75.19136,185.55566,136.86894,8.0583718202796,298.26266733333,326.33027789684,1829
"2019-04-18 03:00:00",126.80402,141.18491,119.0085,7.0695202088772,294.03268447368,320.48853924905,1860
"2019-04-18 04:00:00",149.76081,124.42574,126.682274,10.878050798496,290.19365957895,315.87282068739,1847
"2019-04-18 05:00:00",207.48093,71.420536,72.87666,12.891975173676,297.71442617168,317.82528048772,1834
"2019-04-18 06:00:00",263.67561,66.252,30.9330363,9.3470339773387,286.94148013805,307.3053927241,1823
"2019-04-18 07:00:00",301.45688,73.681686,-7.04372164,7.7038049576107,263.95064220906,285.685054893,1890
"2019-04-18 08:00:00",290.95618,22.36513144,1.05352683,7.8629150525881,296.8457509505,316.12909536869,1821
"2019-04-18 09:00:00",304.97341,-35.746448,39.93063573,7.0183658003164,281.45903365984,302.92446644943,1857
"2019-04-18 10:00:00",272.02732,-113.93104,26.0950247,9.2373834923932,283.88412531579,306.51339087845,1852
"2019-04-18 11:00:00",240.16051,-169.13762,18.615415058,11.452375904165,277.40801373782,298.31553100355,1882
"2019-04-18 12:00:00",155.37806,-132.121416,28.6208081,20.359224873365,288.79482598204,309.96631956192,1856
"2019-04-18 13:00:00",158.83264,-47.1635244,143.58768,17.538314273059,292.56397465936,313.16404093249,1854
"2019-04-18 14:00:00",209.61264,-135.16516,94.434503,16.884701332242,287.47265450749,303.69096473797,1812
"2019-04-18 15:00:00",156.89387,-112.87551,27.61228174,15.49657334415,281.07841702035,300.46731577196,1890
"2019-04-18 16:00:00",227.53206,-35.6596278,18.3693602,20.27776989655,288.33990884274,304.89575123897,1908
"2019-04-18 17:00:00",213.8447,-76.210089,-61.1432664,14.390246130509,339.34759913188,345.46503633498,1844
"2019-04-18 18:00:00",20.9883438,-64.08275,107.73735,22.389470318334,298.85082394027,323.41435888293,1855
"2019-04-18 19:00:00",-38.5897931,-35.8677005,114.92103,14.397725792392,299.3585822807,323.45320387027,1860
"2019-04-18 20:00:00",-1.075385,-104.6929397,52.8159215,19.180304381708,295.14349368421,317.41340713601,1860
"2019-04-18 21:00:00",-38.348056,-47.7518949,98.69751,12.86890504728,297.64990421053,320.60967417426,1860
"2019-04-18 22:00:00",-12.4783754,-52.4213172,99.958354,22.548674863371,299.17982113429,324.48310022964,1851
"2019-04-18 23:00:00",10.72605151,-60.096207,119.62388,22.196119375813,298.31409056057,323.79313846849,1836
"2019-04-19 00:00:00",-35.596821,-33.3616341,77.9063136,14.974598240283,314.47911341228,341.47259805727,1835
"2019-04-19 01:00:00",-50.6420907,-42.365259,70.904955,12.17323198421,317.30999289912,344.74452457069,1838
"2019-04-19 02:00:00",-28.7619116,-92.268349,60.19533,17.343296924007,312.45728135192,340.26914806108,1823
"2019-04-19 03:00:00",158.14331,-153.823985,10.3630278,21.479938557114,298.51808412281,321.05519881065,1860
"2019-04-19 04:00:00",240.26493,-112.121638,-110.903201,20.322034557967,284.90689052632,302.39291466697,1889
"2019-04-19 05:00:00",177.31132,-64.0987061,-151.406085,23.278701873059,311.68085888805,334.63309585585,1862
"2019-04-19 06:00:00",11.751562,77.6712025,-40.488446,34.062615839756,331.15285909273,361.37415417662,1834
"2019-04-19 07:00:00",-174.00244,173.65957,186.38264,9.1066820242567,323.74686792105,348.05233748451,1849
"2019-04-19 08:00:00",-170.11146,230.58183,139.544205,12.121845167118,314.41937815789,340.60113339993,1831
"2019-04-19 09:00:00",-1.445987,189.4742006,-170.43624,36.370116090643,346.95259782456,375.9277152891,1855
"2019-04-19 10:00:00",50.420089094,221.25786,-242.62624,28.659672207495,344.94099385965,376.35804543382,1860
"2019-04-19 11:00:00",51.02489,308.41149,-190.81632,25.838462266205,329.49952440267,356.65041944286,1854
"2019-04-19 12:00:00",-42.98472533,335.03907,-17.1434572,28.118368328678,338.98693409148,365.32586219171,1846
"2019-04-19 13:00:00",-10.164148,302.36587,112.227707,31.164845269943,330.6017907853,354.1480828013,1848
"2019-04-19 14:00:00",-13.0981786,158.2918126,-36.83853597,47.887140297278,357.02110428822,386.4070219163,1857
"2019-04-19 15:00:00",7.9205869,60.70881524,-74.6287821,62.711721318731,357.61875053425,388.43271817382,1847
"2019-04-19 16:00:00",-165.09016,259.77288,-137.200909,17.289308255878,335.45557926483,367.31248084187,1838
"2019-04-19 17:00:00",-184.24081,304.93986,-17.01929986,14.145230804369,338.81214868421,373.91597135512,1858
"2019-04-19 18:00:00",-0.4888124,174.22152501,215.287819,26.621707292701,356.24484035088,389.40530700322,1860
"2019-04-19 19:00:00",-14.15373971,156.76495,216.0005897,31.287994207895,356.16476140351,396.13027248788,1860
"2019-04-19 20:00:00",-75.7960082,235.88398,103.852006,26.059467248811,329.48644617544,358.6949531079,1859
"2019-04-19 21:00:00",-140.59231,200.77174,-202.104217,19.385237389863,337.53854122807,368.63554093578,1860
"2019-04-19 22:00:00",-80.902603,261.86261,17.6795018,27.869809323015,347.69923868421,383.34294417817,1859
"2019-04-19 23:00:00",-98.312305,182.04749,-114.45915,21.692305383737,342.55551850877,376.63960772597,1858
"2019-04-20 00:00:00",-47.405089,217.30544,15.2471357,18.499849762003,348.33617631579,383.02641370916,1860
"2019-04-20 01:00:00",-55.147504,217.10081,-56.338775,15.930702669256,346.46710263158,379.62967721377,1860
"2019-04-20 02:00:00",-40.5970775,202.15523,-13.9293106,25.481429163231,344.17585053509,374.00944302747,1859
"2019-04-20 03:00:00",-11.3695238,148.214791,-50.3883177,23.572670963015,341.66084561404,369.09894354704,1860
"2019-04-20 04:00:00",79.29075573,85.4916887,-7.1560111,25.871163855918,326.02333990748,346.11116018098,1848
"2019-04-20 05:00:00",22.0903084,42.619395,-10.33643752,40.824224608212,317.18787435088,339.54207595495,1831
"2019-04-20 06:00:00",24.176073,189.08363,-22.71686069,38.684197078257,315.22971735735,336.41416876519,1818
"2019-04-20 07:00:00",189.74009,45.9496818,149.35028,27.1567437087,292.21288864815,313.55513100498,1857
"2019-04-20 08:00:00",214.29314,-112.435082,-0.9996774,23.243638147306,307.61374507846,328.15146766548,1850
"2019-04-20 09:00:00",255.81053,-136.91066,-1.22742653,18.58261907353,292.98131257895,316.52852052986,1834
"2019-04-20 10:00:00",283.67621,-136.78027,45.245307,8.1583126061067,290.26782824561,314.50031362495,1860
"2019-04-20 11:00:00",117.659722,-34.7781469,196.45828,24.196935872043,312.91520242941,343.04334867289,1841
"2019-04-20 12:00:00",-35.74149,40.213714,204.509205,22.959449975157,321.16553067356,349.68898198353,1844
"2019-04-20 13:00:00",-198.46148,134.14521,-126.219879,26.221949043449,302.6172316249,327.80416669856,1840
"2019-04-20 14:00:00",-128.3093719,-20.1134742,92.445993,48.698482318032,315.58744271795,338.90939219824,1825
"2019-04-20 15:00:00",-156.1357951,60.9568941,54.2613784,32.873304569187,298.24001419173,321.05528342261,1824
"2019-04-20 16:00:00",-213.83077,193.11275,-112.8764,16.602985102084,297.22854453947,318.64127695028,1839
"2019-04-20 17:00:00",-236.30092,111.02789,-70.565706,33.155586882092,297.03230078822,318.88275248013,1820
"2019-04-20 18:00:00",-200.97036,94.1599105,-166.7867328,51.145341816058,307.07189560327,328.73360270089,1806
"2019-04-20 19:00:00",-141.991166,161.142519,-184.7163325,44.090079355048,322.16663165622,342.57783796984,1824
"2019-04-20 20:00:00",-218.8841185,142.8329563,-166.3223367,26.703860032842,308.49625589662,330.59572049432,1833
"2019-04-20 21:00:00",-290.82392,164.53897,-13.01849886,29.92252199965,308.88149000084,328.83732945752,1848
"2019-04-20 22:00:00",-220.98631,172.311904,-127.08617,39.355163983679,304.64823466866,326.14193345563,1821
"2019-04-20 23:00:00",-198.244202,90.14422035,-94.41443273,61.938676582575,306.79323562265,329.83498566861,1788
"2019-04-21 00:00:00",-225.28916,143.607297,-111.74686,42.097929097082,302.21502253374,324.28742059352,1819
"2019-04-21 01:00:00",-250.6368,176.34403,-94.6447213,29.757411617191,291.11236760766,313.41343811608,1829
"2019-04-21 02:00:00",-213.78837,243.83137,-34.7434629,25.136276357755,292.01403316228,314.47403398846,1821
"2019-04-21 03:00:00",-179.95682,226.40778,-97.9174027,40.769941595415,299.13936364912,321.04551785107,1828
"2019-04-21 04:00:00",-116.234792,293.35878,-51.1277476,25.809906897118,311.45116493421,333.57942155912,1838
"2019-04-21 05:00:00",-96.678238,321.92164,-40.58526037,27.043737968954,312.13245487281,334.25947602345,1834
"2019-04-21 06:00:00",-169.29937,194.72047,-147.714806,40.297368554935,314.67290161842,335.95148108364,1839
"2019-04-21 07:00:00",-190.44283,41.990295,-104.6875352,36.139224822324,325.28259474728,346.0499310112,1853
"2019-04-21 08:00:00",-253.95435,-25.8936812,-100.759531,23.863679636869,327.86935,347.71294832942,1860
"2019-04-21 09:00:00",-245.00474,-108.364652,-84.2452902,34.935766418796,327.28730748684,348.45297712277,1854
"2019-04-21 10:00:00",-270.0215,160.706024,-15.58105,29.77728052778,327.07234824561,347.81783858334,1860
"2019-04-21 11:00:00",-322.55558,32.71176788,97.27457,16.469797297749,318.31557589035,339.80809701679,1853
"2019-04-21 12:00:00",-261.78275,169.506046,79.15867121,32.087392179603,318.83215158333,339.94587377326,1840
"2019-04-21 13:00:00",-83.32163343,-142.784725,231.55105,45.386571523369,333.53755602464,355.25338664713,1810
"2019-04-21 14:00:00",-1.6936549,-88.7567679,216.99448,38.302432336298,345.62943861111,365.91109265594,1815
"2019-04-21 15:00:00",-75.40702403,-120.93402,220.7331,41.315544735746,334.27986758145,355.66398451532,1804
"2019-04-21 16:00:00",-198.751298,90.410894,44.79441149,25.504194935381,327.20011298037,347.3874092109,1839
"2019-04-21 17:00:00",-104.6214666,286.79606,-105.865068,51.967244387345,332.45010675534,355.13395550701,1803
"2019-04-21 18:00:00",-184.71439,298.1784,-108.15908089,26.371274603255,317.4544064787,341.32518626802,1849
"2019-04-21 19:00:00",-116.0436698,269.71991,-103.402247,51.4663434934,326.0168900188,349.42393330356,1807
"2019-04-21 20:00:00",-101.556108,228.71188,-102.196448,35.072586282109,341.85807457393,362.69684488508,1827
"2019-04-21 21:00:00",-168.679295,261.73866,-40.2897653,29.6100479477,339.94421216165,360.08629647402,1818
"2019-04-21 22:00:00",-255.27414,141.1693127,173.5972,31.581005764855,330.03809019006,350.00777265544,1802
"2019-04-21 23:00:00",-235.357157,-12.38792372,207.05934,35.698978358195,335.3014605117,354.70308613046,1833
"2019-04-22 00:00:00",-133.8141835,-158.0405604,261.44972,33.183556409086,344.9122157477,364.73020955635,1844
"2019-04-22 01:00:00",-319.76611,43.32878161,161.43174,25.426782190902,335.96599394737,356.47556241863,1829
"2019-04-22 02:00:00",-337.41597,73.6403029,92.64405045,31.239095661792,331.05894193609,352.52312455134,1827
"2019-04-22 03:00:00",-247.81636,285.5315,-5.26355307,37.042133937697,340.98079734393,361.53251370222,1801
"2019-04-22 04:00:00",-271.14682,218.592157,-110.587761,62.054005211323,334.53899891604,355.51394152007,1802
"2019-04-22 05:00:00",-151.18844,182.003508,-148.667767,58.666705167426,354.71378640575,374.59621907955,1809
"2019-04-22 06:00:00",-273.70427,242.97799,29.78455705,32.559360681863,342.54805515664,363.11686154412,1839
"2019-04-22 07:00:00",-279.37088,208.56545,108.3748124,36.318474374768,342.05983633041,362.22830556174,1837
"2019-04-22 08:00:00",-233.414593,158.076393,49.01468,38.252943701483,350.92943233007,370.23393043037,1819
"2019-04-22 09:00:00",-189.347523,65.1031989,8.9204143,50.080643782792,365.20435777968,382.75674937765,1770
"2019-04-22 10:00:00",-64.1334222,192.466772,-88.1874686,38.245540858526,401.5103418609,411.0122311695,1843
"2019-04-22 11:00:00",-55.27988607,233.52945,80.5523295,36.169618461212,400.5749695071,410.01860861398,1849
"2019-04-22 12:00:00",-192.404221,-12.312648,106.5693044,41.564122086353,378.82002015873,391.85206154708,1821
"2019-04-22 13:00:00",-156.849812,-33.1866823,85.580911608,54.249131915347,379.81662001253,392.1232906242,1795
"2019-04-22 14:00:00",-165.52318,-13.8797646,68.6383072,54.886058992465,379.21894025898,391.92880188813,1817
"2019-04-22 15:00:00",-145.990578,-106.0037999,119.8845543,53.33694047054,376.99735512721,389.49611576252,1807
"2019-04-22 16:00:00",-187.22502,-22.8187578,91.1716719,42.531840849911,362.1083662183,377.83349987533,1772
"2019-04-22 17:00:00",-174.494531,92.0066881,87.67793253,33.600458887926,367.98672444597,382.49261374441,1794
"2019-04-22 18:00:00",-137.35351,127.42441254,98.052322,37.307060280303,367.83188554245,381.96261615592,1807
"2019-04-22 19:00:00",-153.526503,118.447736,57.6599472,47.856898724566,361.00973573811,376.40736005394,1803
"2019-04-22 20:00:00",-229.1689,69.2597122,60.7559932,29.477464924075,342.34500017487,361.54994401015,1809
"2019-04-22 21:00:00",-211.7111,116.7591558,30.7334021,22.68581081899,349.71614099453,367.29949416277,1802
"2019-04-22 22:00:00",-227.34757,117.78643,24.26442771,23.265750281382,342.0951971964,361.18775113631,1803
"2019-04-22 23:00:00",-251.09786,63.1354179,-100.947233,23.765555830296,331.97212741228,352.50733868669,1823
"2019-04-23 00:00:00",-276.30524,27.1188641,-3.91397108,25.926300764894,317.90032238513,340.02405576886,1843
"2019-04-23 01:00:00",-242.20796,66.26059506,-61.0741867,25.652407939907,318.80292324561,340.38042575462,1844
"2019-04-23 02:00:00",-132.457445,107.45951,-11.0030297,49.845671808389,336.76360225773,356.87650622174,1803
"2019-04-23 03:00:00",-109.0041548,137.29979,79.973033,41.948004811308,341.78173130952,362.04044476506,1795
"2019-04-23 04:00:00",53.127222,216.00553,31.87793492,51.83430229604,373.97741611795,389.88350205231,1807
"2019-04-23 05:00:00",-26.7276805,182.913441,35.5270956,35.032957623874,370.91071571011,386.81148623856,1815
"2019-04-23 06:00:00",181.29167,153.89682,49.6737267,21.733451744325,389.58880069131,401.81759989976,1826
"2019-04-23 07:00:00",91.9218883,167.42183,-45.250026,29.881234570045,373.31335875693,391.07860759854,1827
"2019-04-23 08:00:00",-49.30632866,215.13668,-16.5735964,19.943885037768,354.40663593358,375.90145039819,1830
"2019-04-23 09:00:00",26.76786288,217.5724569,62.403969,24.894391565612,359.00043305935,380.02167773737,1826
"2019-04-23 10:00:00",48.85936662,170.061368,32.48894209,34.439301480826,356.91614193609,377.31467288334,1828
"2019-04-23 11:00:00",-201.0979,136.95679,-95.291363,14.16908401461,315.33311907895,335.57051278168,1832
"2019-04-23 12:00:00",-202.98893,65.148226,-167.37217,25.524291507568,324.78730508772,345.19951761572,1823
"2019-04-23 13:00:00",-213.32924,74.6749615,-151.91418,25.246291230488,335.31128468254,356.22408751096,1833
"2019-04-23 14:00:00",-208.39591,236.14537,-15.81979666,26.07721672956,352.4005620614,374.01776815715,1846
"2019-04-23 15:00:00",-205.19533,266.98474,34.76104614,41.162786961135,375.98895169173,401.55392700803,1831
"2019-04-23 16:00:00",-326.8311,148.630284,-166.806038,36.056731273549,374.00320786967,406.00386904195,1837
"2019-04-23 17:00:00",-234.93188,243.2536117,-149.23216746,90.391135413686,450.96013252639,499.20992449677,1833
"2019-04-23 18:00:00",-35.0942839,-232.672096376,-270.4298711,66.821767330842,123.31246364035,558.83272730392,2711
"2019-04-23 19:00:00",349.20077,-435.04852,125.83318048,34.644183073125,0,0,3000
"2019-04-23 20:00:00",423.39813,-211.4922451,275.14858,41.789775068026,0,0,3000
"2019-04-23 21:00:00",212.55837,-374.53999,-127.64405,21.889182121058,0,0,3000
"2019-04-23 22:00:00",286.74715,-280.77058,-72.548745,21.276968211172,0,0,3000
"2019-04-23 23:00:00",297.22457,-206.36922,-45.5892166,16.278995358624,109.64551057018,423.5876022464,2695
"2019-04-24 00:00:00",276.43908,-164.21333,-134.0086955,19.16744946605,410.94551428571,423.48117960832,1858
"2019-04-24 01:00:00",310.02408,-115.072105,-88.3345495,19.423651124893,405.08862730785,416.75454330068,1857
"2019-04-24 02:00:00",292.15504,-144.97888,7.76841813,22.668240536212,402.40328889933,411.54836244577,1831
"2019-04-24 03:00:00",309.73937,-87.931564,2.94143618,14.48764253851,399.23764728488,407.54746781677,1823
"2019-04-24 04:00:00",295.22815,-29.27976406,-3.004888,10.121057514706,395.70200947368,405.21312561755,1859
"2019-04-24 05:00:00",270.9794,-27.823559,49.55573617,15.33087535032,393.38059140351,402.54151158391,1859
"2019-04-24 06:00:00",269.79255,3.00953799,17.3138036,10.049972097383,381.60728921053,392.76790883309,1813
"2019-04-24 07:00:00",213.29786,-78.9492567,-66.776469,13.791356631505,386.6296875,396.29125618602,1854
"2019-04-24 08:00:00",-1.20119,19.389119,-103.912489,40.840966411769,413.29883900167,421.92605702164,1824
"2019-04-24 09:00:00",17.27057,53.58048,-161.49921,47.303370741887,402.62435443191,414.09107837925,1814
"2019-04-24 10:00:00",157.01391,-155.895625,-129.800355,42.528814591267,403.88572287385,415.12111373723,1815
"2019-04-24 11:00:00",146.77685,-197.177458,-51.385228,46.598719954932,398.94243768379,410.49637603123,1851
"2019-04-24 12:00:00",171.49366,-213.25564,-31.4976946,20.776856317791,395.53108245614,407.3530671862,1860
"2019-04-24 13:00:00",166.310271,-125.189911,-155.744637,31.669874322839,379.28960462406,396.46917582016,1844
"2019-04-24 14:00:00",184.75859,-219.5662,-99.6435445,17.808365411007,369.38113517544,387.61069169228,1842
"2019-04-24 15:00:00",148.81853,-172.758878,22.67027641,37.732046065907,370.43308083333,388.27622463733,1836
"2019-04-24 16:00:00",186.75361,-141.978957,-45.4216985,22.011545062525,367.2738195614,384.20423314731,1851
"2019-04-24 17:00:00",185.08035,-181.71076,-31.4486869,29.290786399193,360.56525657895,379.32725510784,1834
"2019-04-24 18:00:00",235.47835,-173.37373,-5.81244413,20.658991387359,355.41712184211,377.6103205877,1835
"2019-04-24 19:00:00",283.43979,-146.56224,-78.89568,13.364186386063,361.10453486842,386.78083583432,1852
"2019-04-24 20:00:00",271.66103,-194.29287,-71.59708,16.954352690251,371.50479723684,399.32016576404,1845
"2019-04-24 21:00:00",282.60531,-188.96891,-56.2250298,19.295452589971,377.62200828947,408.51364728773,1845
"2019-04-24 22:00:00",361.08418,-185.15,29.5757479,15.741560008464,383.14611714912,416.76003908618,1834
"2019-04-24 23:00:00",309.14326,-163.94769,18.8782021,19.785526826387,400.72824592105,441.5022578269,1827
"2019-04-25 00:00:00",288.51288,-80.3353198,62.477561,30.509090895621,451.39029175439,522.08917575816,1849
"2019-04-25 01:00:00",350.74017,-90.831873,114.38436,21.743228575359,406.57383114035,438.51006021623,1838
"2019-04-25 02:00:00",361.69756,-17.0912245,116.284137,26.714086232729,406.34802732456,436.76246606545,1851
"2019-04-25 03:00:00",329.69034,18.56623594,133.436148,28.307203647364,404.68362511487,435.02290817684,1829
"2019-04-25 04:00:00",34.156125,-238.0235,-12.651968,73.615144733796,415.14004529031,434.87178236261,1830
"2019-04-25 05:00:00",254.99495,-231.83488,80.8574939,50.954112605483,412.77167163743,422.04299112552,1822
"2019-04-25 06:00:00",310.48884,-157.5477,180.026588,34.652622628027,410.03799561404,420.69693544035,1860
"2019-04-25 07:00:00",280.17855,-165.87407,-4.322167,35.822908149876,418.26812238931,430.30770248275,1854
"2019-04-25 08:00:00",203.531295,-138.118673,39.764156,61.773525706267,428.77692318296,439.20582119349,1844
"2019-04-25 09:00:00",211.97967,-228.645031,-59.233419,29.207305845958,437.40565597327,446.6131212812,1852
"2019-04-25 10:00:00",144.1571531,-238.78101,-150.87108495,35.254487894613,433.68253157895,443.45419184745,1860
"2019-04-25 11:00:00",259.90455,-111.906316,197.994663,38.346315983035,413.31567464495,423.63762051039,1844
"2019-04-25 12:00:00",280.00114,-195.974806,-14.8152807,28.708467355873,401.59811618003,412.76951474294,1842
"2019-04-25 13:00:00",282.96073,-145.700969,22.1057603,25.408784806259,394.43427321429,407.21510332162,1817
"2019-04-25 14:00:00",269.50844,33.3484882,62.9394888,27.747358506787,403.78979075397,414.50498899115,1846
"2019-04-25 15:00:00",240.15776,135.00344,50.875159,28.092338647589,396.53528337093,406.68854456038,1829
"2019-04-25 16:00:00",260.73297,87.466309,44.911701,18.483150417121,392.73925,402.87858576931,1860
"2019-04-25 17:00:00",238.83874,111.0638938,50.394299,24.338521240624,390.19105446742,400.6894040653,1850
"2019-04-25 18:00:00",127.282434,117.4821323,-15.2887796,48.302912154489,401.86154374212,411.40497181239,1813
"2019-04-25 19:00:00",-263.764,17.478648,-44.8248001,16.36237250578,417.18848688596,423.58074239382,1858
"2019-04-25 20:00:00",122.46932,7.8436048,7.10902375,33.00511472201,402.68834769424,410.87233241635,1817
"2019-04-25 21:00:00",160.72661,25.86331259,3.52448,35.992937830638,402.71483139477,412.06345065558,1833
"2019-04-25 22:00:00",125.881346,32.7332286,-12.5716965,27.884226696147,406.44579640351,417.89665683718,1851
"2019-04-25 23:00:00",246.93914,12.5489464,55.5780953,23.151708300947,380.59854241228,391.45378564477,1844
"2019-04-26 00:00:00",239.58812,83.91825,85.734904,18.490398218284,376.69969725982,385.16929879244,1802
"2019-04-26 01:00:00",263.28883,23.21973623,78.553086989,13.746425980779,362.42709162281,373.85917983246,1840
"2019-04-26 02:00:00",256.91274,75.135124,92.94732,9.2683463998098,361.75732092105,373.62421471716,1848
"2019-04-26 03:00:00",246.14085,58.4535168,54.844418,18.833885914066,352.91901337719,366.67429412864,1824
"2019-04-26 04:00:00",216.96037,6.6607242,83.507663,23.380449477751,363.60404133876,375.69976850338,1807
"2019-04-26 05:00:00",168.48512,24.1235595,29.219027,21.316289117019,373.55001588251,382.80056284729,1822
"2019-04-26 06:00:00",188.89178,-4.2568157,20.53226178,12.217657258717,364.30375424166,375.01345021147,1805
"2019-04-26 07:00:00",197.31101,-7.40270445,-31.43816281,10.233868656191,366.23861416667,376.1915803059,1803
"2019-04-26 08:00:00",204.40935,-23.74096375,-48.462225,11.361305172155,363.22612832916,373.18561654121,1798
"2019-04-26 09:00:00",185.01834,-89.4519,-53.002715,10.130059691603,363.26961326232,373.347903757,1802
"2019-04-26 10:00:00",177.8932,-105.47101,-70.721026,11.025165882161,354.48781098827,366.70002074567,1767
"2019-04-26 11:00:00",198.90412,-99.91079,-48.784705,6.8728366143855,350.90553850251,363.37539785644,1775
"2019-04-26 12:00:00",174.9403,-119.27779,-60.223009,11.420389070979,350.11140570802,364.33240669431,1815
"2019-04-26 13:00:00",84.701555,-110.267822,-118.995482,22.602983963232,357.77940736007,372.24805059844,1842
"2019-04-26 14:00:00",-146.4448617,-54.01015051,-35.623695,26.997112804913,367.82194572967,380.345457319,1835
"2019-04-26 15:00:00",13.7481019,-147.273355,-60.8249922,41.109574711046,371.56792389015,383.27942061896,1795
"2019-04-26 16:00:00",140.576817,-134.9712,9.0193145,23.807811000214,381.28297157581,393.12835593323,1777
"2019-04-26 17:00:00",152.4198287,-153.62697,15.449647,37.346842611462,389.54677020468,406.17348853181,1821
"2019-04-26 18:00:00",92.20531,-225.37118,-0.6203855,22.542264099268,374.19722188597,396.64465169785,1827
"2019-04-26 19:00:00",75.150852,-212.03222,-84.784223,36.58289990098,350.24623711988,370.76620040645,1817
"2019-04-26 20:00:00",30.17643148,-182.524356,-115.805263,25.880312863673,361.26500820175,387.34490492426,1826
"2019-04-26 21:00:00",116.952112,-151.96308,-7.2878319,21.230407828585,365.70681565789,397.73218722806,1823
"2019-04-26 22:00:00",-14.7357236,-170.072928,-102.529362,20.717680999495,383.95289199039,417.36754939942,1849
"2019-04-26 23:00:00",83.648607,-183.27544,-6.70170053,17.972464117432,377.06875798246,408.24408205659,1858
"2019-04-27 00:00:00",167.58539,-72.889063,60.964513,21.5515901813,361.98895618212,391.32468690285,1828
"2019-04-27 01:00:00",278.84714,-1.377027858,42.2609574,13.011284002541,326.0921979386,346.95685519642,1850
"2019-04-27 02:00:00",274.62526,-10.4462425,-29.284699,9.2549241495483,328.48414758772,348.93707533466,1833
"2019-04-27 03:00:00",260.86701,-22.90243606,-0.46303714,12.851960004142,323.7075775,344.74549837481,1823
"2019-04-27 04:00:00",255.55521,7.66697126,-3.5648192,9.392090777607,318.22502342105,339.1106264306,1833
"2019-04-27 05:00:00",218.14081,-81.574727,-13.2392878,31.25884953523,343.19837691852,364.29701990444,1793
"2019-04-27 06:00:00",-182.498997,-173.469366,-194.11707,33.400339676132,363.3559083208,382.38032040942,1827
"2019-04-27 07:00:00",-183.79929,-149.304333,-158.443668,45.329407795772,387.93881368212,402.72815905894,1821
"2019-04-27 08:00:00",-102.148468,-278.05148,-156.02867,13.678301521021,378.68022153509,397.94413071941,1853
"2019-04-27 09:00:00",87.43783322,-258.04802,-79.6670161,27.961374165245,365.06566465748,384.15114413568,1822
"2019-04-27 10:00:00",249.43882,-118.562389,52.126904,16.0744404282,364.94869696115,381.90168057707,1812
"2019-04-27 11:00:00",174.24221,-156.03965,-43.24300884,22.553127925919,366.73229884503,383.75695608851,1814
"2019-04-27 12:00:00",-22.607185,-135.5263975,-36.4935606,29.815243125443,375.69916127193,391.80997180001,1834
"2019-04-27 13:00:00",-167.83581,-20.13301865,11.910126813,22.117551603917,379.37885526316,394.59127402221,1835
"2019-04-27 14:00:00",-117.37361,-39.343144588,26.85335949,20.133994186075,365.81508716583,381.78605275005,1852
"2019-04-27 15:00:00",108.080395,-167.8653,38.4334699,22.040717903976,355.97358118839,375.70896305765,1828
"2019-04-27 16:00:00",-26.654755,-121.631844,34.6872343,34.85166441399,356.5452159482,377.11294206785,1825
"2019-04-27 17:00:00",-285.76264,-33.749956,-66.1241279,24.82271061696,366.46907885965,383.43752771251,1832
"2019-04-27 18:00:00",-191.39232,-202.9140612,-32.02828426,22.854304265325,359.2584221533,378.30761899709,1840
"2019-04-27 19:00:00",-73.2047178,-340.2401,-36.81192924,14.224024235536,353.72117469089,374.33901488213,1822
"2019-04-27 20:00:00",58.2916333,-350.40515,16.5342373,27.72718397855,356.50095073935,374.68679446142,1825
"2019-04-27 21:00:00",27.67802212,-284.46944,-6.32269495,37.549052436358,379.66699315789,398.8785931913,1855
"2019-04-27 22:00:00",84.3869184,-145.432414,-34.66289655,34.419896949589,384.63999162072,403.39432238468,1840
"2019-04-27 23:00:00",137.09122,-115.817823,-18.69247603,26.587758839085,382.98944964912,399.33260770564,1851
"2019-04-28 00:00:00",143.77903,-26.6386252,-0.9667469,18.285658015299,385.8202642223,401.76474529048,1829
"2019-04-28 01:00:00",107.55023,40.8483716,23.4807415,14.751910638507,380.81123859649,396.931752341,1854
"2019-04-28 02:00:00",78.679133,12.2747287,-31.2963849,29.014402456578,374.695713066,391.2031132384,1843
"2019-04-28 03:00:00",48.3789394,-130.8434424,-54.8453457,37.09436878439,363.69204349624,390.55395190208,1839
"2019-04-28 04:00:00",90.034124,-97.060742,3.0045761,23.959939426948,372.66097925439,399.27555511887,1859
"2019-04-28 05:00:00",135.21345,-156.183658,-23.94206978,18.844233958644,369.41017846491,395.97842076327,1855
"2019-04-28 06:00:00",134.148588,-150.528023,-28.9397207,33.795126027294,374.49480403509,403.1063558084,1846
"2019-04-28 07:00:00",75.9272631,-233.51088,-3.66215902,24.581104793437,378.12933893484,410.32325773628,1827
"2019-04-28 08:00:00",189.71754,-228.69994,51.12254626,35.05876453209,373.77067219298,405.68146862487,1838
"2019-04-28 09:00:00",217.19605,-132.107994,105.76560077,23.339878612798,374.84461569131,402.33489021753,1840
"2019-04-28 10:00:00",207.84939,-168.4919,79.899523,19.560723515675,368.15167567878,392.57807088395,1804
"2019-04-28 11:00:00",214.52695,-194.39869,52.206428,17.630389562684,366.31084934837,388.79448571511,1787
"2019-04-28 12:00:00",141.170971,-197.91576,7.931638473,30.328224930884,383.34881724728,406.52314947981,1817
"2019-04-28 13:00:00",56.86553064,-210.47458,-39.5703356,33.313979569401,404.2399414411,430.22883397034,1820
"2019-04-28 14:00:00",43.700468,-236.5243,-19.7112725,39.825696613274,384.84133305556,412.52189648537,1822
"2019-04-28 15:00:00",-34.2822582,-136.0826172,-46.4949376,52.438211780361,407.23058827277,425.39880503508,1856
"2019-04-28 16:00:00",13.6319639,-90.138985,-59.1555339,60.755899839098,409.11045945489,428.50942846767,1812
"2019-04-28 17:00:00",123.0366681,21.98586742,-107.8735332,44.86179136529,382.28152049708,403.54834870706,1816
"2019-04-28 18:00:00",120.04517,-121.987797,-72.3052992,19.644094742126,414.55620105263,440.45220311958,1855
"2019-04-28 19:00:00",132.252696,-57.8892187,64.0696405,33.049366782374,394.48247712045,413.65547019299,1833
"2019-04-28 20:00:00",-141.354832,-68.5590218,-102.8233156,23.996660186373,386.09843184837,402.32584796967,1827
"2019-04-28 21:00:00",193.84888,-124.245032,36.42205995,25.390588934634,380.40269617586,397.35585881017,1845
"2019-04-28 22:00:00",220.14503,-96.2964171,65.526265,17.351229205945,380.19384722849,396.78771065495,1850
"2019-04-28 23:00:00",165.22299,-104.4508453,83.20326721,30.412238687231,381.41577665414,398.41314060037,1819
"2019-04-29 00:00:00",74.025403,-122.966062,-41.402575441,40.653270627007,390.85640831245,407.12622872101,1826
"2019-04-29 01:00:00",149.79124,-44.0335768,93.75851,22.734761447444,379.749068302,396.0085787102,1844
"2019-04-29 02:00:00",135.73538,7.60273905,79.848709,22.88565450841,350.49764095865,391.4700339942,1916
"2019-04-29 03:00:00",0,0,0,0,0,0,3000
"2019-04-29 04:00:00",0,0,0,0,0,0,3000
"2019-04-29 05:00:00",0,0,0,0,0,0,3000
"2019-04-29 06:00:00",0,0,0,0,0,0,3000
"2019-04-29 07:00:00",0,0,0,0,0,0,3000
"2019-04-29 08:00:00",72.0928744,-44.66941445,-110.04966,22.138394605435,0,0,3000
"2019-04-29 09:00:00",194.84254,-46.4632367,0.8016655,21.040075559029,177.10829144474,352.1736596474,2357
"2019-04-29 10:00:00",212.15608,-61.82789646,-69.804146,27.483702274039,340.3306326086,360.99004657303,1814
"2019-04-29 11:00:00",5.14123,-131.0097309,-2.944631,34.358479114458,355.78147885129,373.53348443974,1811
"2019-04-29 12:00:00",-121.435283,-204.1604,-96.8726956,25.568693055159,369.52662885965,385.19290284341,1835
"2019-04-29 13:00:00",-115.94679749,-183.27888,-111.40511,28.320698916273,370.80648461298,386.74521538175,1839
"2019-04-29 14:00:00",56.88045548,-241.88709,-71.2054198,36.490353818391,358.89465761696,378.70756923056,1828
"2019-04-29 15:00:00",113.85666,-243.43306,-5.29816746,25.223710034459,347.27376011487,367.30982402951,1836
"2019-04-29 16:00:00",163.00235,-200.2449,11.07418528,21.260009961571,333.23916155806,353.33108604258,1831
"2019-04-29 17:00:00",195.82872,-129.53387,8.45339591,12.80989587131,322.52628833333,340.42124976211,1821
"2019-04-29 18:00:00",212.71759,-88.644844,-4.91072787,11.409590949426,331.20609666667,350.23923312856,1820
"2019-04-29 19:00:00",203.13764,-101.435032,-29.53353881,13.097401551324,320.36978210526,340.7882013709,1841
"2019-04-29 20:00:00",191.24785,-94.2079,-36.4937219,12.466734222414,319.05876771512,339.4458797118,1844
"2019-04-29 21:00:00",33.35503637,-139.05458014,-31.9320694,24.820493401519,320.96541596491,341.86149521359,1840
"2019-04-29 22:00:00",166.09457,-63.27274532,-128.70816,17.709487501372,287.91149630263,311.60635332623,1807
"2019-04-29 23:00:00",172.91111,-117.303691,-141.89364,16.762899401431,276.53678092105,300.90996871351,1840
"2019-04-30 00:00:00",156.08235,-180.44195,-89.636655,9.1995198391872,283.67246065789,306.65229167913,1837
"2019-04-30 01:00:00",114.00075,-223.4969,-101.310356,12.442163254155,294.07958597807,315.40161147718,1846
"2019-04-30 02:00:00",202.53459,-137.3442384,-68.86112775,23.792676863953,284.51948627552,307.55509869485,1828
"2019-04-30 03:00:00",156.42178,-156.6871829,-121.921681,32.67272206986,296.08428254887,318.93421182356,1816
"2019-04-30 04:00:00",29.59300575,-264.95605,-70.399446,35.09508400256,312.26743102717,335.4412127278,1830
"2019-04-30 05:00:00",156.264954,-213.05912,-15.4201244,31.376544621318,299.09900133292,321.83886210513,1846
"2019-04-30 06:00:00",161.341883,-237.05732,30.7186083,25.441848523429,296.3894428962,318.51347012453,1844
"2019-04-30 07:00:00",284.45291,-69.4214907,30.7296008,24.001452253908,283.84126709552,302.85854454185,1897
"2019-04-30 08:00:00",231.8983,-96.831999,9.9255742,47.094619340085,298.04422357247,319.0454769595,1857
"2019-04-30 09:00:00",166.0170217,-99.5397532,77.04468209,39.455749298353,306.39364443969,328.11186943652,1847
"2019-04-30 10:00:00",132.327483,-136.925398,-42.1092286,43.448795193577,304.55486871742,327.24705148076,1834
"2019-04-30 11:00:00",82.4337082,21.3256361,-109.0750626,65.182667389229,326.941828901,346.25548859486,1823
"2019-04-30 12:00:00",-140.43028129,-65.5978248,-150.68194,27.915290047493,342.14969210526,361.88703313105,1860
"2019-04-30 13:00:00",-67.95491955,-208.35046,-101.166034,25.509427661589,331.3370354317,351.31453246391,1832
"2019-04-30 14:00:00",-23.8475309,-248.58509,12.45351234,26.531823994919,327.37702507352,347.93094572604,1818
"2019-04-30 15:00:00",10.7774469,-181.93567,43.736050379,29.251342291783,315.50667822055,338.69394383403,1814
"2019-04-30 16:00:00",18.3709641,-211.46804,53.7626503,30.761360480146,313.03481409524,335.94997408788,1818
"2019-04-30 17:00:00",86.7928549,-276.45442,-69.738389,29.093758861109,311.08659076566,332.88294509148,1808
"2019-04-30 18:00:00",81.962854,-275.93478,-17.3288213,19.247785933209,311.93613186153,332.32156577247,1821
"2019-04-30 19:00:00",42.2533942,-253.57564,-44.7533344,31.846529505502,312.53570819319,334.34908556536,1819
"2019-04-30 20:00:00",77.5637848,225.65112,104.751673,31.472352308943,315.11389006642,336.63370485057,1814
"2019-04-30 21:00:00",173.63194,92.8779834,131.73058,23.700448503462,303.72324903509,322.96904767252,1851
"2019-04-30 22:00:00",200.23742,29.99781866,79.3442917,28.671516193534,304.69845358772,324.73896600819,1844
"2019-04-30 23:00:00",242.25479,-57.64098151,20.420119965,17.492977257524,311.26084070175,328.71187736355,1860
